first_name,last_name,job_title,department,email,address,phone_number,credit_card_debt,ssn,credit_score,password,year,state,city,salary,job
Amanda,Bennett,Solicitor,Food technologist,jamesolsen@example.com,North Tammyberg,(649)577-5612x4996,8960.27,078-81-4235,680,brXlPRbh,2025,North Carolina,Phoenix,41225,Mechanical
Brenda,Jimenez,"Secretary, company",Chiropodist,wujohn@example.net,New Kevintown,(675)914-9537x79572,2948.7,293-81-6002,395,1xYLPc1o,2025,Pennsylvania,San Diego,55123,Mechanical
Billy,Hawkins,Chartered public finance accountant,Museum/gallery curator,mosleyjohn@example.com,East Jamesmouth,001-850-207-5382x35397,12443.56,145-75-7862,798,zsFqYZP7,2023,New York,Dallas,48710,Civil
Ashley,Jenkins,Aeronautical engineer,Clinical biochemist,juansharp@example.org,Rothport,(785)721-5817,4286.25,066-74-7290,716,9wmGnis7,2025,North Carolina,Houston,75550,IT
David,Gillespie,Lawyer,"Surveyor, quantity",samanthahess@example.com,North Melissamouth,9569423331,7802.49,575-41-8435,692,PeIiua3j,2023,Georgia,San Antonio,85262,Civil
Spencer,Soto,"Conservation officer, historic buildings",Conference centre manager,crystal04@example.net,Coxside,001-385-232-9080x1880,7374.53,265-94-5245,495,Hn1IB4eS,2020,Texas,Chicago,51260,IT
Christine,Odom,Film/video editor,Cartographer,allison40@example.com,Bradleyborough,(872)283-4408x1842,1259.32,436-43-9021,829,I7PqCWYu,2020,Florida,San Antonio,72554,Aeronautical
Brittney,Rios,Dancer,Radio producer,scottwilliams@example.com,North Jerrymouth,350.782.0134x01371,13397.44,263-44-2454,327,wGl0wQFe,2021,Georgia,Austin,90172,Aeronautical
Christopher,Brown,"Surveyor, building",Land,john42@example.com,Bradyton,927.653.6083x3205,18955.61,410-07-3402,323,YHttZZWS,2023,North Carolina,Phoenix,102440,Civil
Christopher,Cruz,"Social research officer, government",Commercial horticulturist,gturner@example.com,Juarezview,212-811-7439,7886.06,311-01-3673,782,kbHAJsKx,2022,California,Houston,114545,Mechanical
Paul,Bauer,"Surveyor, hydrographic",Archaeologist,lisabuchanan@example.net,West Terri,+1-697-791-0060x288,18065.7,362-92-0135,823,vp9nMIvG,2022,California,Houston,58359,Electrical
Christopher,Pollard,"Engineer, maintenance",Geochemist,mikepeters@example.net,Stewartmouth,921-336-8358x950,4615.57,358-98-4656,727,M7tmehlk,2022,Florida,Philadelphia,61994,Aeronautical
Nicolas,Hall,"Lighting technician, broadcasting/film/video",TEFL teacher,matthew39@example.net,Andersontown,464-566-5593x297,13876.1,157-04-4065,423,hrX4q5aM,2021,North Carolina,San Antonio,49554,IT
Melissa,Jennings,"Optician, dispensing",Sports development officer,johnsonjesus@example.org,East Amy,800-495-1566x4988,6187.52,486-67-0954,850,rRir72EV,2020,Illinois,Austin,92309,Civil
Rebecca,Hart,"Editor, magazine features","Nurse, children's",haley16@example.net,Walkerport,001-730-266-8708x48058,17510.95,310-67-6037,441,p1XxmEiP,2024,California,San Diego,84085,Aeronautical
Jennifer,Ortega,Surgeon,Colour technologist,chad04@example.com,Grossfurt,328.539.4086x41267,11295.67,841-16-1731,624,4R03Baqi,2022,Michigan,Chicago,53120,IT
Sean,Williams,Social worker,Museum/gallery curator,adavis@example.com,North Micheleborough,6896274280,7886.88,364-10-5392,547,IBbob0CU,2020,North Carolina,Austin,75430,Civil
Timothy,Robinson,Publishing copy,"Psychotherapist, child",damon70@example.net,Aaronbury,+1-294-965-6758x1024,5328.35,665-47-0239,495,0WHZwmTm,2020,North Carolina,New York,82902,IT
Lisa,Woods,Colour technologist,Estate agent,elizabeth79@example.org,West Allenview,221.340.3171,15173.09,751-09-0605,318,wWaFqguD,2025,Illinois,Dallas,77916,Aeronautical
Lisa,Brown,Writer,Retail manager,oking@example.org,Coopertown,(483)869-9509x72079,16959.52,052-53-2056,306,R7MjaHz5,2020,Texas,San Diego,53393,Aeronautical
Lauren,Sherman,Community arts worker,Armed forces operational officer,jamiewilson@example.org,Kimtown,(273)921-0776x40916,5609.8,763-52-3959,360,tZxX2ng3,2023,Georgia,Los Angeles,47764,Aeronautical
Christine,Walker,"Engineer, land",Soil scientist,randall65@example.net,South Laura,338.430.9561x7230,10216.31,324-91-7344,811,ahhiCzeY,2021,Georgia,San Diego,69150,Electrical
Justin,Burke,Patent attorney,Speech and language therapist,cherylerickson@example.org,South Kennethstad,001-382-742-1982x521,8465.6,209-59-5562,677,nX25Qopt,2025,Pennsylvania,New York,86258,Civil
Suzanne,Jordan,Software engineer,Planning and development surveyor,watsonlaura@example.net,Tylerland,(306)703-5797x73507,5236.41,294-25-0318,325,GEMpCiXf,2020,New York,Phoenix,107959,Civil
Jessica,Harmon,TEFL teacher,Paediatric nurse,barbarapruitt@example.net,North Shelby,001-353-489-6586,10829.92,042-15-3751,414,9yDxNxVB,2024,New York,Dallas,54371,Civil
Kelly,Park,"Research officer, political party",Optometrist,elizabeth76@example.org,Joseport,428-383-8738,3975.34,732-95-1509,621,9UE5N7dx,2022,Georgia,New York,76971,Mechanical
Gloria,Osborn,"Engineer, civil (contracting)",Sub,jgibbs@example.com,Henryberg,6843520259,827.81,415-05-6729,349,pSNSkZSI,2022,Pennsylvania,New York,99580,Mechanical
Taylor,Long,"Administrator, local government",Contractor,byrdroy@example.org,Heatherton,888-842-4438x088,17155.56,739-59-9171,596,yZMFqtur,2025,Michigan,San Diego,49405,IT
Felicia,Nolan,"Psychologist, educational",Financial trader,hailey35@example.com,North Alexamouth,265.741.8528,19855.43,653-84-3052,324,QhTOijJ3,2021,Illinois,San Antonio,115358,Civil
Danielle,Williams,Television camera operator,Financial controller,erickemp@example.org,Davidberg,244-939-3664x385,4747.55,099-85-4992,705,jnR7rYz4,2020,New York,Philadelphia,82978,Aeronautical
Matthew,Juarez,Restaurant manager,Geophysicist/field seismologist,sandra76@example.com,Williamsborough,+1-769-779-2896x024,11917.44,201-23-6009,404,hdy8aMh7,2021,North Carolina,Dallas,82383,IT
Carlos,Wright,Travel agency manager,Writer,chapmanamy@example.org,East Teresa,210.272.5042x7256,5018.9,867-94-6326,774,PoR1mUGZ,2024,North Carolina,Austin,85585,Civil
Raymond,Davis,Sports development officer,Diplomatic Services operational officer,normawatson@example.com,West Jenniferborough,464-585-4198,9335.54,853-81-4395,822,DnzD9crB,2022,Florida,San Antonio,41068,Aeronautical
Peter,Hale,Ceramics designer,"Scientist, physiological",philip22@example.org,East Donnaberg,681-686-2483x377,19741.5,887-56-7940,501,VGIfDvSz,2025,Florida,Los Angeles,108532,IT
Olivia,Mccarty,Toxicologist,Estate agent,michael34@example.com,North Thomas,001-347-731-8171,959.18,533-87-2293,632,yO1LnPgJ,2024,Georgia,Los Angeles,74525,Civil
Stephen,Cooper,Recruitment consultant,Sales promotion account executive,ohooper@example.net,North Devinmouth,(527)745-4455x5848,9089.41,422-32-9867,452,GNg1pwL7,2023,Georgia,Los Angeles,51865,IT
Grant,Hobbs,Theatre director,Textile designer,wrightscott@example.net,East Elizabethtown,+1-214-205-7263x16643,19533.97,566-82-7167,631,yiF1VVFu,2024,New York,Dallas,106271,Mechanical
Erin,Lin,Health visitor,Chartered management accountant,angelabender@example.org,Loriberg,+1-362-696-3459x61422,1723.52,092-25-4005,730,x852Su2S,2020,North Carolina,San Diego,50409,Mechanical
Jesus,Hernandez,IT technical support officer,Games developer,zoe74@example.net,West Robert,(641)322-7362x3915,13206.04,671-78-6241,342,4qKAwfpT,2020,Florida,Los Angeles,84764,IT
Cory,Francis,"Pharmacist, community",Geochemist,brittany53@example.net,Jarvisbury,001-205-502-6538x7041,15234.57,167-09-7556,496,adg1F8Ru,2023,New York,Austin,108366,IT
Stephanie,Martinez,"Pilot, airline","Engineer, land",careysamantha@example.net,Dustinmouth,(923)623-1533x6904,17715.98,170-10-0277,718,ZbbNPXyd,2022,Texas,San Antonio,43806,IT
Dawn,Riley,Adult guidance worker,Exhibition designer,sandrabrown@example.org,Webbhaven,694-621-0986x5206,9701.29,176-75-1489,507,kiSqjP9I,2024,California,Austin,115227,Civil
Thomas,Haas,Legal executive,"Solicitor, Scotland",michaelponce@example.net,Lake Rita,7894483335,19658.76,631-79-3116,537,0jZ2MwI1,2020,Illinois,New York,82311,Mechanical
Heather,Aguilar,Civil Service fast streamer,"Horticulturist, amenity",megan56@example.com,South Jessica,9145149225,18737.83,523-42-2045,720,4Mu3Mm2L,2025,Illinois,Austin,66381,Aeronautical
Megan,Trujillo,Private music teacher,"Scientist, forensic",hernandeztyler@example.com,Wendyside,831-833-8060x87173,11988.32,514-93-3476,575,f5BANHz0,2023,Georgia,Houston,95386,Mechanical
Karen,Houston,Water quality scientist,Accommodation manager,xvaughan@example.net,Lake Jeffreyfurt,7188389567,7704.38,781-25-7287,553,dPKK63H0,2022,California,Houston,55613,Mechanical
Stephen,James,Trade mark attorney,"Nurse, learning disability",tamarabrown@example.com,Robertview,(456)971-8702x573,6086.95,132-86-7330,326,ap658oT4,2022,California,Austin,61861,Civil
Kylie,Castro,Medical illustrator,IT consultant,tpetersen@example.net,Christinahaven,321.457.1879x9593,12704.44,271-02-3032,791,LcaBVkLW,2021,New York,Los Angeles,111587,Electrical
Joan,Smith,Medical laboratory scientific officer,Information systems manager,spencercharles@example.net,North Briannaport,(268)852-3999x29932,3774.16,338-50-5018,804,T0ZtDf4b,2021,Florida,San Antonio,92609,Electrical
Kathy,Henry,Broadcast presenter,Insurance underwriter,perezmichael@example.net,East Phillip,+1-494-987-2942x667,1197.31,168-97-9836,839,Fq0pN5NB,2023,California,San Diego,81363,IT
Jonathan,Stephenson,Television/film/video producer,Production engineer,matthew64@example.org,East Daniel,001-597-859-4152x676,2216.39,803-30-3863,797,aM2KLtA5,2023,Georgia,San Antonio,63315,IT
Amy,Smith,Local government officer,"Geologist, wellsite",williamsdouglas@example.org,North Kevin,(341)888-5847x433,19899.53,405-20-9418,813,Wsh6u7MM,2021,California,Philadelphia,79533,IT
Lisa,Kim,English as a foreign language teacher,Lexicographer,tyates@example.net,Lake Tracy,(231)793-1625x3608,10418.28,589-11-8097,514,NDcRTYCT,2020,Michigan,Philadelphia,69078,Civil
Mary,Johnson,Passenger transport manager,Marketing executive,marywood@example.net,Jensenbury,001-878-722-2531,3405.08,618-29-4652,479,httVbL7F,2023,Pennsylvania,Phoenix,85500,IT
Victor,Mcknight,Theme park manager,Sports therapist,brownwilliam@example.net,Flemingbury,+1-943-231-5279,4075.31,668-29-0035,321,VEQiPMpx,2022,Pennsylvania,Philadelphia,72308,Aeronautical
Pamela,Daniels,Retail banker,Technical brewer,ulopez@example.com,Luisfort,(266)572-4311x5982,17508.21,575-17-6173,446,HZWm9SUh,2022,Florida,San Antonio,58455,Mechanical
Jennifer,Black,"Therapist, sports","Engineer, aeronautical",nielsenjames@example.org,Port Johnfort,+1-991-572-7690,13476.46,109-14-9945,728,y34n2Nyz,2025,Pennsylvania,Chicago,43976,Electrical
Jacqueline,Hernandez,Arts development officer,Toxicologist,bjames@example.com,Port Jay,752.862.0823,1649.68,209-29-9710,366,Q5OFBxO3,2025,Pennsylvania,Dallas,96852,Civil
David,Steele,"Administrator, education",Dietitian,glopez@example.org,Melaniechester,(426)866-0560x03690,3389.85,505-83-2798,829,4QDfmD1g,2022,Georgia,Philadelphia,113215,Electrical
Melinda,Beasley,Heritage manager,"Engineer, maintenance",sandyreynolds@example.org,Garrettstad,614.627.4589x7892,15182.23,326-26-3064,530,35uSQKGJ,2022,Ohio,Chicago,59779,Civil
Aaron,Sanders,"Surveyor, land/geomatics",Clothing/textile technologist,johnsonjacqueline@example.com,Baileychester,301.320.4114x021,11363.39,171-79-2093,431,HTer1fCM,2024,Pennsylvania,Philadelphia,116396,Aeronautical
Ashley,Hamilton,Quarry manager,Tax adviser,rhonda23@example.net,Acostamouth,+1-971-298-9335x6069,8817.94,773-55-8219,596,aWw4RqT6,2020,Michigan,Austin,92534,Electrical
Lauren,Stone,Immunologist,Data scientist,woodleslie@example.com,South Brittany,001-527-370-7176,12564.37,194-16-6564,592,CK4uHhLf,2024,Pennsylvania,San Diego,91685,Electrical
Deborah,Lewis,Advertising account executive,Freight forwarder,lisagarner@example.net,East Jamesland,461-968-4644x23196,8977.01,253-26-1630,814,DkFvqSdA,2024,Ohio,Philadelphia,113709,Mechanical
Rebecca,Young,Nutritional therapist,"Administrator, arts",matthewscharles@example.com,West Catherineville,(423)238-0865x2229,3688.75,575-78-5109,448,Jh3XZuld,2022,North Carolina,Phoenix,109315,IT
Vincent,Collins,Landscape architect,Medical physicist,andreadawson@example.com,Kimchester,754.663.8652,3922.17,364-43-3872,534,P4tLjeyf,2024,California,Los Angeles,89549,Civil
Kathleen,Kelly,Mechanical engineer,Corporate investment banker,gbrooks@example.com,North Jose,528-521-9634,6360.19,630-57-1932,556,zo5XIsnC,2025,Texas,Philadelphia,95802,Aeronautical
Katelyn,Jones,Broadcast journalist,Musician,alicia53@example.org,Hebertport,+1-475-236-3562x6838,15326.73,661-68-5227,788,Q0pbiM5U,2023,Pennsylvania,New York,64297,Mechanical
Taylor,Summers,Curator,"Therapist, sports",idaniel@example.com,North Kathleen,+1-605-601-4025,14090.57,154-87-4672,559,tfvzbnuc,2023,New York,Houston,56014,Aeronautical
Claire,Crawford,Armed forces logistics/support/administrative officer,Sports coach,laurie30@example.com,North Brandon,3509024344,7758.11,841-52-4049,635,LdkbjsR0,2025,Michigan,Chicago,100925,IT
Jeremy,Ellis,"Producer, television/film/video","Psychologist, prison and probation services",kellyamy@example.com,Williamhaven,001-616-838-5518,16559.97,464-59-9581,575,inUhse3F,2024,Georgia,New York,47828,Aeronautical
Travis,Douglas,Drilling engineer,Armed forces technical officer,morrisonsandra@example.net,Port Yolandaville,(782)650-5755,17801.06,072-93-6266,815,wLOAsw9v,2025,Michigan,Philadelphia,67827,Mechanical
Jonathan,Arnold,Broadcast engineer,Hydrographic surveyor,hectorbentley@example.net,New Brent,9982403948,5607.35,171-85-1268,389,QngBk7gn,2023,Florida,Chicago,111701,Aeronautical
James,Campos,Publishing rights manager,Herpetologist,oday@example.net,North Debbie,717-260-9797x80801,4613.77,724-37-7036,809,gHFWG4yL,2021,Texas,Phoenix,76282,IT
Nathan,White,"Surveyor, mining",Bonds trader,butlerbetty@example.org,North Justinton,440.912.3564x73680,14829.49,188-24-7963,585,h0g1LzNQ,2025,New York,New York,114744,Civil
James,Henderson,Television camera operator,"Scientist, research (maths)",reedmarvin@example.net,West Jasonstad,001-701-978-0290x82351,14158.03,808-63-6524,401,iU37X6Hd,2024,Pennsylvania,Houston,69199,Electrical
Elizabeth,Reilly,Orthoptist,Photographer,oreyes@example.org,Sullivanside,(342)263-4848x30161,4685.81,386-14-2847,670,KkuG1XZu,2022,Texas,Houston,59243,Mechanical
Francisco,Meyer,Advertising art director,Musician,charlescooper@example.net,Maryfurt,610-430-9638x596,2440.25,606-25-5265,834,LAZC2soH,2024,Georgia,New York,104233,Electrical
Theodore,Sanchez,Paediatric nurse,Passenger transport manager,lauragilbert@example.net,East Jeffreytown,644.683.3924x24607,4075.99,440-27-1076,565,f1V6fdMz,2024,Texas,San Diego,110591,Aeronautical
Christine,Pratt,Barrister's clerk,Architect,kevincarter@example.org,North Curtis,7756887273,19456.33,848-38-5299,374,P6zRBwau,2023,Illinois,Houston,44623,Electrical
Brooke,Norman,"Engineer, aeronautical",Animal technologist,lawrencemiranda@example.org,Port Alexanderport,939.919.6133x48211,19372.12,791-09-1459,538,VG7zUHmg,2020,North Carolina,Austin,80442,Aeronautical
Martin,Howell,"Engineer, chemical",Tour manager,alan64@example.org,South Bradyville,914-955-7347,6954.95,721-81-4704,710,j7o98P8H,2024,Ohio,San Diego,88230,IT
Nicole,Moore,Chartered legal executive (England and Wales),Information officer,cheryllamb@example.net,Lake Mariabury,001-456-513-5044,16602.59,406-24-7596,505,roRHnkYC,2021,Michigan,Austin,62958,Mechanical
Joseph,Kelly,"Designer, interior/spatial",Software engineer,bishoplisa@example.com,Grantfort,001-275-233-7981x3378,16038.84,111-28-1669,778,LSn8n6ir,2022,California,Los Angeles,49346,IT
Grant,Sutton,Farm manager,Tree surgeon,garybeltran@example.com,Port Justinborough,6164931741,10906.71,345-05-7187,350,Sk1TVwCK,2020,New York,San Diego,75081,IT
James,Romero,Writer,Dealer,dennis64@example.net,Lake Brenda,251-410-6678,10469.75,365-54-2846,437,4xquSFEu,2021,Michigan,Austin,53566,Civil
Jesse,Moore,Fashion designer,Market researcher,cpatel@example.org,North Jennifer,235.454.7156x489,10683.56,775-68-8044,616,lKAMqqOD,2025,Texas,Chicago,53276,Mechanical
Kimberly,Anderson,"Surveyor, planning and development",Aid worker,marie79@example.org,North Megan,+1-626-815-9071x58529,9279.2,845-98-5163,597,xxkgHrzZ,2025,Florida,Austin,79087,Aeronautical
Kelly,Martinez,"Therapist, music",Chief Technology Officer,mfischer@example.net,Taylorberg,369-769-1658x053,6500.1,448-80-2090,432,XFJ89bBE,2020,Florida,Austin,99266,Aeronautical
Sherry,Rose,Medical physicist,Paediatric nurse,uclark@example.com,Brianfort,914-768-4784,14060.8,705-45-1776,830,AsDPTWoE,2025,Pennsylvania,New York,101231,Electrical
Ashley,Lee,"Engineer, civil (contracting)",Energy engineer,victoriaduncan@example.org,East Thomas,916.956.5406,14185.22,173-15-2419,344,awFUSy5K,2022,New York,Phoenix,53976,IT
Ryan,Craig,"Sales professional, IT",Catering manager,carlareyes@example.com,South Joseph,(867)442-0584,7094.29,495-82-0064,617,ANt5MRBZ,2023,Pennsylvania,San Antonio,54152,Civil
Eric,Fitzgerald,Horticultural consultant,"Geologist, engineering",nicolelang@example.net,Katrinaland,452-532-5915x07564,5576.66,364-59-2256,468,VeN5j3R8,2024,Pennsylvania,Dallas,54054,Civil
Bailey,Garcia,"Psychologist, forensic","Engineer, maintenance (IT)",lmoore@example.org,Pachecoshire,352-731-5969x907,2293.97,691-02-5649,798,2bHjZr7w,2020,Ohio,New York,53342,IT
Sandra,Gonzalez,Animator,"Engineer, mining",edominguez@example.com,Markfurt,237-936-4125,18896.08,662-86-3310,756,BPAfUsfN,2024,New York,Los Angeles,40373,Electrical
Guy,Chavez,Product/process development scientist,Media buyer,bobbysmith@example.org,Andrewburgh,(971)289-4496x378,2531.15,480-70-0125,811,lrsjYLtM,2023,Florida,Chicago,95989,Civil
Ryan,Weaver,Community arts worker,Osteopath,paullam@example.net,East Markshire,360-341-7787,2839.78,796-92-6466,809,ptCoZy7d,2024,Michigan,Dallas,48489,Electrical
Darrell,Velasquez,Writer,"Biochemist, clinical",natashairwin@example.net,Port Anthony,466-605-6398,8973.92,667-90-0975,793,6jSXd6BI,2023,New York,Austin,67526,Aeronautical
Cody,Austin,Child psychotherapist,Operations geologist,kyle69@example.com,Amymouth,+1-874-959-7853,10954.9,628-31-7606,618,APDPc0Q5,2025,Georgia,Phoenix,46465,Aeronautical
Rebecca,Norris,"Administrator, Civil Service","Education officer, museum",yhardin@example.com,South Angel,(393)484-9565x2911,10680.35,478-18-5170,803,oEdcbTnC,2024,Pennsylvania,Houston,62277,Civil
